{
  "analysis_type": "Torsional Vibration Analysis",
  "input_file": "./analysis_cases/system_shore50.json",
  "timestamp": "2025-10-13T12:00:00.000000Z",
  "system_properties": {
    "degrees_of_freedom": 4,
    "total_inertia": 0.008913,
    "total_stiffness": 202290.0
  },
  "natural_frequencies_hz": [
    20.710968445622782,
    20.710968445622782,
    100.95831590140585,
    270.6605157568974,
    270.6605157568974,
    3044.2489215033606,
    3044.2489215033606
  ],
  "forced_response": {
    "frequency_range_rpm": [
      1.0,
      100.0
    ],
    "num_points": 100,
    "excitation_nodes": [
      0
    ],
    "excitation_harmonics_orders": [
      6,
      12
    ],
    "max_vibratory_torque_nm": 150.08829703484966,
    "vibratory_torque_data": {
      "frequencies_rpm": [
        1.0,
        2.0,
        3.0,
        4.0,
        5.0,
        6.0,
        7.0,
        8.0,
        9.0,
        10.0,
        11.0,
        12.0,
        13.0,
        14.0,
        15.0,
        16.0,
        17.0,
        18.0,
        19.0,
        20.0,
        21.0,
        22.0,
        23.0,
        24.0,
        25.0,
        26.0,
        27.0,
        28.0,
        29.0,
        30.0,
        31.0,
        32.0,
        33.0,
        34.0,
        35.0,
        36.0,
        37.0,
        38.0,
        39.0,
        40.0,
        41.0,
        42.0,
        43.0,
        44.0,
        45.0,
        46.0,
        47.0,
        48.0,
        49.0,
        50.0,
        51.0,
        52.0,
        53.0,
        54.0,
        55.0,
        56.0,
        57.0,
        58.0,
        59.0,
        60.0,
        61.0,
        62.0,
        63.0,
        64.0,
        65.0,
        66.0,
        67.0,
        68.0,
        69.0,
        70.0,
        71.0,
        72.0,
        73.0,
        74.0,
        75.0,
        76.0,
        77.0,
        78.0,
        79.0,
        80.0,
        81.0,
        82.0,
        83.0,
        84.0,
        85.0,
        86.0,
        87.0,
        88.0,
        89.0,
        90.0,
        91.0,
        92.0,
        93.0,
        94.0,
        95.0,
        96.0,
        97.0,
        98.0,
        99.0,
        100.0
      ],
      "torque_per_shaft_nm": [
        [
          149.51030484938005,
          149.5109179533795,
          149.51193897230127,
          149.5133666748015,
          149.5151993383388,
          149.51743474992676,
          149.52007020765825,
          149.5231025225372,
          149.526528020174,
          149.5303425435944,
          149.53454145536355,
          149.53911964093496,
          149.54407151163724,
          149.5493910083997,
          149.55507160555678,
          149.56110631503338,
          149.56748769076415,
          149.57420783360743,
          149.58125839648434,
          149.58863058935108,
          149.5963151854444,
          149.60430252689557,
          149.61258253116074,
          149.62114469754195,
          149.62997811409713,
          149.63907146483825,
          149.6484130370957,
          149.65799072920893,
          149.6677920587974,
          149.67780417074198,
          149.6880138460388,
          149.69840751036142,
          149.70897124344555,
          149.71969078835428,
          149.73055156100412,
          149.7415386602846,
          149.75263687803894,
          149.763830709541,
          149.77510436407584,
          149.7864417758648,
          149.79782661498177,
          149.809242299056,
          149.82067200438055,
          149.83209867783037,
          149.843505048919,
          149.85487364166562,
          149.8661867871251,
          149.8774266358605,
          149.88857517049482,
          149.89961421856,
          149.91052546561883,
          149.9212904681173,
          149.93189066681924,
          149.94230740001177,
          149.95252191713578,
          149.96251539218235,
          149.97226893738443,
          149.9817636170264,
          149.99098046106482,
          149.99990047910697,
          150.00850467413593,
          150.01677405649926,
          150.0246896578423,
          150.03223254490814,
          150.0393838334223,
          150.0461247020952,
          150.05243640630522,
          150.05830029187297,
          150.0636978088558,
          150.06861052512045,
          150.07302013972551,
          150.07690849665278,
          150.08025759767068,
          150.08304961582377,
          150.08526690841728,
          150.0868920295076,
          150.08790774299,
          150.08829703484966,
          150.0880431253417,
          150.08712948123858,
          150.08553982754233,
          150.08325815893488,
          150.08026875129033,
          150.0765561726289,
          150.0721052937581,
          150.06690129894835,
          150.0609296959576,
          150.05417632589825,
          150.04662737280253,
          150.03826937279146,
          150.02908922284976,
          150.0190741894739,
          150.00821191663098,
          149.99649043363152,
          149.98389816243989,
          149.9704239247551,
          149.95605694851898,
          149.94078687411354,
          149.92460376029024,
          149.9074980894753
        ],
        [
          149.50851752408397,
          149.50376879374562,
          149.49585389362184,
          149.484772300287,
          149.47052328292213,
          149.45310590530568,
          149.43251902820307,
          149.40876131251642,
          149.38183122293017,
          149.3517270319835,
          149.31844682482227,
          149.28198850441325,
          149.24234979727578,
          149.19952825988236,
          149.15352128537577,
          149.10432611082396,
          149.0519398253314,
          148.99635937796137,
          148.937581586945,
          148.8756031484946,
          148.8104206472042,
          148.74203056554344,
          148.6704292950455,
          148.5956131471328,
          148.5175783647487,
          148.43632113415578,
          148.35183759744493,
          148.26412386498845,
          148.17317602866328,
          148.0789901753356,
          147.98156240042738,
          147.88088882206833,
          147.77696559548954,
          147.6697889278268,
          147.55935509279755,
          147.44566044604633,
          147.32870144064788,
          147.208474642515,
          147.08497674653927,
          146.95820459235682,
          146.8281551806639,
          146.69482568941905,
          146.5582134904258,
          146.41831616574228,
          146.2751315242385,
          146.12865761834556,
          145.9788927607155,
          145.82583554080918,
          145.6694848417577,
          145.50983985674287,
          145.34690010580596,
          145.180665452155,
          145.01113611870824,
          144.83831270423596,
          144.66219619950903,
          144.48278800326307,
          144.30008993779234,
          144.1141042646453,
          143.9248336998255,
          143.73228142873188,
          143.53645112095037,
          143.33734694466608,
          143.13497358064248,
          142.92933623607112,
          142.72044065783186,
          142.50829314546357,
          142.29290056370115,
          142.07427035455373,
          141.8524105490413,
          141.62732977822202,
          141.39903728396106,
          141.16754292902814,
          140.9328572068681,
          140.69499125053008,
          140.45395684128306,
          140.20976641662492,
          139.96243307754372,
          139.71197059535248,
          139.45839341786595,
          139.20171667491712,
          138.94195618313572,
          138.67912845043008,
          138.41325067937117,
          138.14434077024364,
          137.87241732323054,
          137.5974996400781,
          137.31960772492548,
          137.03876228462377,
          136.75498472820328,
          136.46829716570372,
          136.17872240645613,
          135.88628395643886,
          135.59100601514172,
