{
  "analysis_type": "Torsional Vibration Analysis",
  "input_file": "./analysis_cases/system_shore50.json",
  "timestamp": "2025-10-13T12:00:00.000000Z",
  "system_properties": {
    "degrees_of_freedom": 4,
    "total_inertia": 21.3729,
    "total_stiffness": 902000.0
  },
  "natural_frequencies_hz": [
    0.5408276042065926,
    6.512552770883327,
    6.512552770883327,
    120.07156949445822,
    120.07156949445822
  ],
  "forced_response": {
    "frequency_range_rpm": [
      300.0,
      1500.0
    ],
    "num_points": 100,
    "excitation_nodes": [
      0
    ],
    "excitation_harmonics_orders": [
      6,
      12
    ],
    "max_vibratory_torque_nm": 9.937664550445096,
    "vibratory_torque_data": {
      "frequencies_rpm": [
        300.0,
        312.1212121212121,
        324.24242424242425,
        336.3636363636364,
        348.4848484848485,
        360.6060606060606,
        372.72727272727275,
        384.8484848484849,
        396.969696969697,
        409.0909090909091,
        421.21212121212125,
        433.33333333333337,
        445.45454545454544,
        457.57575757575756,
        469.6969696969697,
        481.8181818181818,
        493.93939393939394,
        506.06060606060606,
        518.1818181818182,
        530.3030303030303,
        542.4242424242425,
        554.5454545454545,
        566.6666666666667,
        578.7878787878788,
        590.9090909090909,
        603.030303030303,
        615.1515151515151,
        627.2727272727273,
        639.3939393939394,
        651.5151515151515,
        663.6363636363636,
        675.7575757575758,
        687.8787878787879,
        700.0,
        712.1212121212121,
        724.2424242424242,
        736.3636363636364,
        748.4848484848485,
        760.6060606060606,
        772.7272727272727,
        784.8484848484849,
        796.969696969697,
        809.090909090909,
        821.2121212121212,
        833.3333333333334,
        845.4545454545455,
        857.5757575757576,
        869.6969696969697,
        881.8181818181818,
        893.9393939393939,
        906.060606060606,
        918.1818181818181,
        930.3030303030303,
        942.4242424242424,
        954.5454545454545,
        966.6666666666666,
        978.7878787878788,
        990.9090909090909,
        1003.030303030303,
        1015.1515151515151,
        1027.2727272727273,
        1039.3939393939395,
        1051.5151515151515,
        1063.6363636363635,
        1075.7575757575758,
        1087.878787878788,
        1100.0,
        1112.121212121212,
        1124.2424242424242,
        1136.3636363636365,
        1148.4848484848485,
        1160.6060606060605,
        1172.7272727272727,
        1184.848484848485,
        1196.969696969697,
        1209.090909090909,
        1221.2121212121212,
        1233.3333333333335,
        1245.4545454545455,
        1257.5757575757575,
        1269.6969696969697,
        1281.8181818181818,
        1293.939393939394,
        1306.060606060606,
        1318.181818181818,
        1330.3030303030303,
        1342.4242424242425,
        1354.5454545454545,
        1366.6666666666667,
        1378.7878787878788,
        1390.909090909091,
        1403.030303030303,
        1415.1515151515152,
        1427.2727272727273,
        1439.3939393939395,
        1451.5151515151515,
        1463.6363636363635,
        1475.7575757575758,
        1487.8787878787878,
        1500.0
      ],
      "torque_per_shaft_nm": [
        [
          3.3992971445860185,
          3.122205044529857,
          2.8773385279883015,
          2.659833923516716,
          2.4657206732493493,
          2.2917299460396228,
          2.135149009131539,
          1.993711532886327,
          1.8655113800357837,
          1.748935017739456,
          1.6426090674697815,
          1.5453591411474286,
          1.4561750540157365,
          1.37418420437398,
          1.298629853524029,
          1.2288524389328126,
          1.1642756482280827,
          1.104393486512721,
          1.0487605628804773,
          0.9969831082459555,
          0.9487122622689813,
          0.9036381936182872,
          0.8614845439441984,
          0.8220042896851432,
          0.7849761460052218,
          0.7502016867504058,
          0.7175019476285969,
          0.686715672671809,
          0.6576969906570554,
          0.6303137933727964,
          0.6044460023744278,
          0.5799848974431556,
          0.5568310409981881,
          0.5348936137370368,
          0.5140900938024248,
          0.4943443211117395,
          0.4755868775797292,
          0.45775396811949626,
          0.44078664868679973,
          0.4246309268837736,
          0.4092368771667373,
          0.39455842713028494,
          0.38055282513218935,
          0.3671807709449968,
          0.35440557137934775,
          0.342193132249951,
          0.33051203032106113,
          0.31933267953808125,
          0.30862791739326295,
          0.2983719484067452,
          0.2885410717742986,
          0.27911276997165196,
          0.2700662680316186,
          0.26138199093836945,
          0.25304147522655485,
          0.24502744928701464,
          0.23732371769848468,
          0.22991504353601555,
          0.2227869814187286,
          0.21592601232076394,
          0.20931940306370592,
          0.2029550379270888,
          0.19682155631414122,
          0.19090829401155332,
          0.18520505011677418,
          0.1797022634293234,
          0.17439090111624142,
          0.169262417188232,
          0.16430884381391808,
          0.159522495254742,
          0.1548962863822023,
          0.15042344967964205,
          0.1460976003147609,
          0.14191277306159947,
          0.13786330048265488,
          0.13394393960344514,
          0.1301496502139813,
          0.12647575774456535,
          0.12291787324399514,
          0.11947182677625334,
          0.11613376448594011,
          0.11290002005019538,
          0.10976716178639116,
          0.10673197593600779,
          0.10379142825302146,
          0.10094270772440757,
          0.09818311686839125,
          0.09551018750045082,
          0.09292152525049109,
          0.09041496921925009,
          0.08798841676163141,
          0.08563992451492969,
          0.08336760545018511,
          0.08116982382064884,
          0.0790448975989792,
          0.07699129280335959,
          0.07500758725435579,
          0.07309242544402439,
          0.07124451703472419,
          0.06946265417570843
        ],
        [
          3.481095801777163,
          3.2038565722627026,
          2.9588562302830748,
          2.741229119353754,
          2.5470028972587917,
          2.372907048545495,
          2.2162280029434687,
          2.0746982147173165,
          1.9464103691142167,
          1.8297503431239115,
          1.7233444001395601,
          1.6260172028939672,
          1.5367581902542466,
          1.4546944633600443,
          1.3790687556099757,
          1.3092214334219876,
          1.244575698346819,
          1.184625350856795,
          1.1289246249853042,
          1.0770796955013764,
          1.028741551400154,
          0.983599991164123,
          0.941378535740365,
          0.9018301093970473,
          0.8647333528691828,
          0.8298894669082154,
          0.7971195006779694,
          0.7662620112618823,
          0.7371710457968669,
          0.7097143837889042,
          0.6837720114835327,
          0.6592347922873576,
          0.6360032992061272,
          0.6139867946831087,
          0.593102331687558,
          0.5732739614467439,
          0.5544320349186463,
          0.5365125810561793,
          0.5194567582102,
          0.5032103654164355,
          0.487723405496087,
          0.47294969656853597,
          0.4588465233170285,
          0.4453743258914704,
          0.43249641894544577,
          0.42017873990179794,
          0.4083896226376709,
          0.39709959203898365,
          0.3862811802193957,
